Text,Label,Window,User Name,User ID
The laptop overheats quickly and lags during basic tasks.,Negative,Flipkart,Rahul Mehta,U1001
The fabric is soft and fits perfectly.,Positive,Amazon,Rohit Gupta,U1002
The color is slightly different from the pictures but still acceptable.,Neutral,Flipkart,Amit Tandon,U1003
"It works as expected, no complaints so far.",Neutral,Flipkart,Rohit Gupta,U1004
The fitting is too tight and uncomfortable.,Negative,Flipkart,Rahul Mehta,U1005
"Product matches description, nothing more nothing less.",Neutral,Myntra,Arjun Verma,U1006
"The headphones are comfortable, and the sound quality is amazing.",Positive,Amazon,Rohit Gupta,U1007
"The headphones are comfortable, and the sound quality is amazing.",Positive,Amazon,Simran Kaur,U1008
"Excellent product quality, exceeded my expectations.",Positive,Flipkart,Priya Sharma,U1009
"It works as expected, no complaints so far.",Neutral,Amazon,Anjali Nair,U1010
The laptop overheats quickly and lags during basic tasks.,Negative,Myntra,Kavita Singh,U1011
"Excellent product quality, exceeded my expectations.",Positive,Amazon,Amit Tandon,U1012
"It works as expected, no complaints so far.",Neutral,Myntra,Anjali Nair,U1013
The blender works fine but is louder than expected.,Neutral,Myntra,Simran Kaur,U1014
The color is slightly different from the pictures but still acceptable.,Neutral,Flipkart,Simran Kaur,U1015
The watch stopped working after a week.,Negative,Myntra,Rohit Gupta,U1016
"The packaging was okay, nothing special, and the delivery was on time.",Neutral,Amazon,Arjun Verma,U1017
The laptop overheats quickly and lags during basic tasks.,Negative,Myntra,Rohit Gupta,U1018
"Excellent product quality, exceeded my expectations.",Positive,Amazon,Rahul Mehta,U1019
The color is slightly different from the pictures but still acceptable.,Neutral,Myntra,Anjali Nair,U1020
"The headphones are comfortable, and the sound quality is amazing.",Positive,Myntra,Rahul Mehta,U1021
"The headphones are comfortable, and the sound quality is amazing.",Positive,Myntra,Anjali Nair,U1022
"It works as expected, no complaints so far.",Neutral,Flipkart,Vikram Malhotra,U1023
"It works as expected, no complaints so far.",Neutral,Flipkart,Arjun Verma,U1024
The color is slightly different from the pictures but still acceptable.,Neutral,Myntra,Anjali Nair,U1025
"It works as expected, no complaints so far.",Neutral,Amazon,Rohit Gupta,U1026
The color is slightly different from the pictures but still acceptable.,Neutral,Myntra,Priya Sharma,U1027
The phone’s camera quality is outstanding and battery lasts all day!,Positive,Flipkart,Kavita Singh,U1028
The fitting is too tight and uncomfortable.,Negative,Flipkart,Vikram Malhotra,U1029
The fitting is too tight and uncomfortable.,Negative,Amazon,Rohit Gupta,U1030
The fabric is soft and fits perfectly.,Positive,Myntra,Rohit Gupta,U1031
The blender works fine but is louder than expected.,Neutral,Amazon,Arjun Verma,U1032
"Excellent product quality, exceeded my expectations.",Positive,Myntra,Vikram Malhotra,U1033
The phone’s camera quality is outstanding and battery lasts all day!,Positive,Amazon,Arjun Verma,U1034
"Product matches description, nothing more nothing less.",Neutral,Amazon,Amit Tandon,U1035
"Poor build quality, not worth the price.",Negative,Amazon,Simran Kaur,U1036
The color is slightly different from the pictures but still acceptable.,Neutral,Amazon,Amit Tandon,U1037
The phone’s camera quality is outstanding and battery lasts all day!,Positive,Amazon,Vikram Malhotra,U1038
The color is slightly different from the pictures but still acceptable.,Neutral,Myntra,Kavita Singh,U1039
"Excellent product quality, exceeded my expectations.",Positive,Flipkart,Priya Sharma,U1040
"Received damaged item, very disappointed.",Negative,Myntra,Sneha Kapoor,U1041
"The headphones are comfortable, and the sound quality is amazing.",Positive,Amazon,Simran Kaur,U1042
"Received damaged item, very disappointed.",Negative,Flipkart,Rohit Gupta,U1043
The fabric is soft and fits perfectly.,Positive,Myntra,Vikram Malhotra,U1044
The shoes are very comfortable and stylish.,Positive,Flipkart,Rohit Gupta,U1045
The fitting is too tight and uncomfortable.,Negative,Flipkart,Anjali Nair,U1046
"Excellent product quality, exceeded my expectations.",Positive,Flipkart,Vikram Malhotra,U1047
"Poor build quality, not worth the price.",Negative,Flipkart,Vikram Malhotra,U1048
"The packaging was okay, nothing special, and the delivery was on time.",Neutral,Myntra,Rohit Gupta,U1049
The fabric is soft and fits perfectly.,Positive,Flipkart,Simran Kaur,U1050
The phone’s camera quality is outstanding and battery lasts all day!,Positive,Amazon,Rohit Gupta,U1051
The shoes are very comfortable and stylish.,Positive,Myntra,Simran Kaur,U1052
"The packaging was okay, nothing special, and the delivery was on time.",Neutral,Flipkart,Rohit Gupta,U1053
"Product matches description, nothing more nothing less.",Neutral,Amazon,Rohit Gupta,U1054
The blender works fine but is louder than expected.,Neutral,Myntra,Amit Tandon,U1055
"Received damaged item, very disappointed.",Negative,Amazon,Simran Kaur,U1056
"Received damaged item, very disappointed.",Negative,Myntra,Arjun Verma,U1057
"Received damaged item, very disappointed.",Negative,Amazon,Simran Kaur,U1058
The blender works fine but is louder than expected.,Neutral,Amazon,Rohit Gupta,U1059
The watch stopped working after a week.,Negative,Myntra,Amit Tandon,U1060
"It works as expected, no complaints so far.",Neutral,Myntra,Rohit Gupta,U1061
The blender works fine but is louder than expected.,Neutral,Flipkart,Rahul Mehta,U1062
"Poor build quality, not worth the price.",Negative,Amazon,Priya Sharma,U1063
The color is slightly different from the pictures but still acceptable.,Neutral,Myntra,Rahul Mehta,U1064
The laptop overheats quickly and lags during basic tasks.,Negative,Myntra,Anjali Nair,U1065
The fabric is soft and fits perfectly.,Positive,Amazon,Rahul Mehta,U1066
"The packaging was okay, nothing special, and the delivery was on time.",Neutral,Myntra,Priya Sharma,U1067
The blender works fine but is louder than expected.,Neutral,Amazon,Priya Sharma,U1068
The watch stopped working after a week.,Negative,Amazon,Rohit Gupta,U1069
The laptop overheats quickly and lags during basic tasks.,Negative,Myntra,Simran Kaur,U1070
The blender works fine but is louder than expected.,Neutral,Amazon,Anjali Nair,U1071
The fitting is too tight and uncomfortable.,Negative,Flipkart,Vikram Malhotra,U1072
The fitting is too tight and uncomfortable.,Negative,Myntra,Arjun Verma,U1073
"The packaging was okay, nothing special, and the delivery was on time.",Neutral,Amazon,Rohit Gupta,U1074
"Received damaged item, very disappointed.",Negative,Amazon,Rohit Gupta,U1075
"The packaging was okay, nothing special, and the delivery was on time.",Neutral,Flipkart,Simran Kaur,U1076
The watch stopped working after a week.,Negative,Amazon,Arjun Verma,U1077
"Poor build quality, not worth the price.",Negative,Myntra,Vikram Malhotra,U1078
The shoes are very comfortable and stylish.,Positive,Flipkart,Rohit Gupta,U1079
The fitting is too tight and uncomfortable.,Negative,Myntra,Vikram Malhotra,U1080
The shoes are very comfortable and stylish.,Positive,Amazon,Rahul Mehta,U1081
"Poor build quality, not worth the price.",Negative,Myntra,Amit Tandon,U1082
The fabric is soft and fits perfectly.,Positive,Flipkart,Simran Kaur,U1083
The fitting is too tight and uncomfortable.,Negative,Myntra,Kavita Singh,U1084
"The packaging was okay, nothing special, and the delivery was on time.",Neutral,Flipkart,Vikram Malhotra,U1085
The laptop overheats quickly and lags during basic tasks.,Negative,Flipkart,Arjun Verma,U1086
"It works as expected, no complaints so far.",Neutral,Myntra,Priya Sharma,U1087
"It works as expected, no complaints so far.",Neutral,Flipkart,Priya Sharma,U1088
"Product matches description, nothing more nothing less.",Neutral,Myntra,Rahul Mehta,U1089
"It works as expected, no complaints so far.",Neutral,Flipkart,Priya Sharma,U1090
The blender works fine but is louder than expected.,Neutral,Flipkart,Vikram Malhotra,U1091
"Excellent product quality, exceeded my expectations.",Positive,Myntra,Priya Sharma,U1092
The fabric is soft and fits perfectly.,Positive,Amazon,Simran Kaur,U1093
The blender works fine but is louder than expected.,Neutral,Amazon,Priya Sharma,U1094
The laptop overheats quickly and lags during basic tasks.,Negative,Amazon,Rohit Gupta,U1095
The phone’s camera quality is outstanding and battery lasts all day!,Positive,Amazon,Vikram Malhotra,U1096
The laptop overheats quickly and lags during basic tasks.,Negative,Myntra,Arjun Verma,U1097
"It works as expected, no complaints so far.",Neutral,Flipkart,Vikram Malhotra,U1098
The laptop overheats quickly and lags during basic tasks.,Negative,Amazon,Vikram Malhotra,U1099
The shoes are very comfortable and stylish.,Positive,Amazon,Amit Tandon,U1100
"The headphones are comfortable, and the sound quality is amazing.",Positive,Flipkart,Amit Tandon,U1101
"Received damaged item, very disappointed.",Negative,Flipkart,Priya Sharma,U1102
The laptop overheats quickly and lags during basic tasks.,Negative,Amazon,Amit Tandon,U1103
The color is slightly different from the pictures but still acceptable.,Neutral,Amazon,Priya Sharma,U1104
"Product matches description, nothing more nothing less.",Neutral,Flipkart,Amit Tandon,U1105
"The headphones are comfortable, and the sound quality is amazing.",Positive,Flipkart,Amit Tandon,U1106
The color is slightly different from the pictures but still acceptable.,Neutral,Flipkart,Rahul Mehta,U1107
"Poor build quality, not worth the price.",Negative,Amazon,Amit Tandon,U1108
"The headphones are comfortable, and the sound quality is amazing.",Positive,Flipkart,Priya Sharma,U1109
The fabric is soft and fits perfectly.,Positive,Flipkart,Kavita Singh,U1110
The laptop overheats quickly and lags during basic tasks.,Negative,Amazon,Rahul Mehta,U1111
"Excellent product quality, exceeded my expectations.",Positive,Amazon,Arjun Verma,U1112
"Received damaged item, very disappointed.",Negative,Amazon,Kavita Singh,U1113
The watch stopped working after a week.,Negative,Amazon,Arjun Verma,U1114
"The packaging was okay, nothing special, and the delivery was on time.",Neutral,Myntra,Kavita Singh,U1115
The fitting is too tight and uncomfortable.,Negative,Amazon,Vikram Malhotra,U1116
"Product matches description, nothing more nothing less.",Neutral,Flipkart,Priya Sharma,U1117
The color is slightly different from the pictures but still acceptable.,Neutral,Myntra,Amit Tandon,U1118
The fitting is too tight and uncomfortable.,Negative,Myntra,Amit Tandon,U1119
"Poor build quality, not worth the price.",Negative,Flipkart,Arjun Verma,U1120
The fabric is soft and fits perfectly.,Positive,Amazon,Sneha Kapoor,U1121
"Product matches description, nothing more nothing less.",Neutral,Flipkart,Simran Kaur,U1122
"Excellent product quality, exceeded my expectations.",Positive,Amazon,Kavita Singh,U1123
"Received damaged item, very disappointed.",Negative,Myntra,Sneha Kapoor,U1124
The fabric is soft and fits perfectly.,Positive,Amazon,Priya Sharma,U1125
The phone’s camera quality is outstanding and battery lasts all day!,Positive,Amazon,Amit Tandon,U1126
"The packaging was okay, nothing special, and the delivery was on time.",Neutral,Flipkart,Vikram Malhotra,U1127
The phone’s camera quality is outstanding and battery lasts all day!,Positive,Amazon,Anjali Nair,U1128
The shoes are very comfortable and stylish.,Positive,Flipkart,Amit Tandon,U1129
The blender works fine but is louder than expected.,Neutral,Flipkart,Rohit Gupta,U1130
The watch stopped working after a week.,Negative,Myntra,Amit Tandon,U1131
"Excellent product quality, exceeded my expectations.",Positive,Flipkart,Anjali Nair,U1132
The fabric is soft and fits perfectly.,Positive,Myntra,Amit Tandon,U1133
The phone’s camera quality is outstanding and battery lasts all day!,Positive,Myntra,Simran Kaur,U1134
"Received damaged item, very disappointed.",Negative,Amazon,Kavita Singh,U1135
The watch stopped working after a week.,Negative,Amazon,Rohit Gupta,U1136
The fitting is too tight and uncomfortable.,Negative,Amazon,Amit Tandon,U1137
The color is slightly different from the pictures but still acceptable.,Neutral,Myntra,Arjun Verma,U1138
"The packaging was okay, nothing special, and the delivery was on time.",Neutral,Myntra,Vikram Malhotra,U1139
The watch stopped working after a week.,Negative,Flipkart,Amit Tandon,U1140
"The packaging was okay, nothing special, and the delivery was on time.",Neutral,Myntra,Sneha Kapoor,U1141
The laptop overheats quickly and lags during basic tasks.,Negative,Myntra,Sneha Kapoor,U1142
"Excellent product quality, exceeded my expectations.",Positive,Myntra,Priya Sharma,U1143
The fitting is too tight and uncomfortable.,Negative,Flipkart,Anjali Nair,U1144
The fabric is soft and fits perfectly.,Positive,Flipkart,Sneha Kapoor,U1145
"Received damaged item, very disappointed.",Negative,Myntra,Rohit Gupta,U1146
The color is slightly different from the pictures but still acceptable.,Neutral,Myntra,Kavita Singh,U1147
"Excellent product quality, exceeded my expectations.",Positive,Flipkart,Kavita Singh,U1148
"Excellent product quality, exceeded my expectations.",Positive,Myntra,Arjun Verma,U1149
"Poor build quality, not worth the price.",Negative,Amazon,Rahul Mehta,U1150
The blender works fine but is louder than expected.,Neutral,Myntra,Priya Sharma,U1151
The blender works fine but is louder than expected.,Neutral,Myntra,Amit Tandon,U1152
"The headphones are comfortable, and the sound quality is amazing.",Positive,Myntra,Priya Sharma,U1153
"Excellent product quality, exceeded my expectations.",Positive,Amazon,Rahul Mehta,U1154
The phone’s camera quality is outstanding and battery lasts all day!,Positive,Myntra,Rahul Mehta,U1155
"It works as expected, no complaints so far.",Neutral,Myntra,Kavita Singh,U1156
The blender works fine but is louder than expected.,Neutral,Myntra,Amit Tandon,U1157
The watch stopped working after a week.,Negative,Amazon,Sneha Kapoor,U1158
"Product matches description, nothing more nothing less.",Neutral,Myntra,Simran Kaur,U1159
"Product matches description, nothing more nothing less.",Neutral,Amazon,Simran Kaur,U1160
"It works as expected, no complaints so far.",Neutral,Myntra,Kavita Singh,U1161
"Received damaged item, very disappointed.",Negative,Flipkart,Rahul Mehta,U1162
"Poor build quality, not worth the price.",Negative,Amazon,Sneha Kapoor,U1163
"It works as expected, no complaints so far.",Neutral,Myntra,Rohit Gupta,U1164
The watch stopped working after a week.,Negative,Flipkart,Rohit Gupta,U1165
The color is slightly different from the pictures but still acceptable.,Neutral,Flipkart,Rohit Gupta,U1166
"The packaging was okay, nothing special, and the delivery was on time.",Neutral,Myntra,Anjali Nair,U1167
The fitting is too tight and uncomfortable.,Negative,Myntra,Kavita Singh,U1168
The shoes are very comfortable and stylish.,Positive,Flipkart,Arjun Verma,U1169
"The headphones are comfortable, and the sound quality is amazing.",Positive,Amazon,Anjali Nair,U1170
"It works as expected, no complaints so far.",Neutral,Flipkart,Kavita Singh,U1171
The laptop overheats quickly and lags during basic tasks.,Negative,Amazon,Arjun Verma,U1172
The shoes are very comfortable and stylish.,Positive,Myntra,Anjali Nair,U1173
The color is slightly different from the pictures but still acceptable.,Neutral,Myntra,Priya Sharma,U1174
The fitting is too tight and uncomfortable.,Negative,Amazon,Amit Tandon,U1175
The shoes are very comfortable and stylish.,Positive,Flipkart,Amit Tandon,U1176
The fabric is soft and fits perfectly.,Positive,Amazon,Anjali Nair,U1177
The blender works fine but is louder than expected.,Neutral,Amazon,Arjun Verma,U1178
The laptop overheats quickly and lags during basic tasks.,Negative,Myntra,Simran Kaur,U1179
"Product matches description, nothing more nothing less.",Neutral,Myntra,Sneha Kapoor,U1180
"Excellent product quality, exceeded my expectations.",Positive,Flipkart,Kavita Singh,U1181
The fitting is too tight and uncomfortable.,Negative,Myntra,Rahul Mehta,U1182
"It works as expected, no complaints so far.",Neutral,Amazon,Arjun Verma,U1183
The fabric is soft and fits perfectly.,Positive,Amazon,Anjali Nair,U1184
The phone’s camera quality is outstanding and battery lasts all day!,Positive,Myntra,Anjali Nair,U1185
The phone’s camera quality is outstanding and battery lasts all day!,Positive,Flipkart,Kavita Singh,U1186
The shoes are very comfortable and stylish.,Positive,Flipkart,Rohit Gupta,U1187
The color is slightly different from the pictures but still acceptable.,Neutral,Myntra,Kavita Singh,U1188
"Excellent product quality, exceeded my expectations.",Positive,Myntra,Sneha Kapoor,U1189
"Excellent product quality, exceeded my expectations.",Positive,Myntra,Rahul Mehta,U1190
The fitting is too tight and uncomfortable.,Negative,Myntra,Priya Sharma,U1191
The color is slightly different from the pictures but still acceptable.,Neutral,Amazon,Vikram Malhotra,U1192
The shoes are very comfortable and stylish.,Positive,Myntra,Vikram Malhotra,U1193
"Received damaged item, very disappointed.",Negative,Flipkart,Rohit Gupta,U1194
"Excellent product quality, exceeded my expectations.",Positive,Flipkart,Arjun Verma,U1195
The fitting is too tight and uncomfortable.,Negative,Flipkart,Arjun Verma,U1196
The blender works fine but is louder than expected.,Neutral,Flipkart,Priya Sharma,U1197
"Poor build quality, not worth the price.",Negative,Flipkart,Simran Kaur,U1198
The color is slightly different from the pictures but still acceptable.,Neutral,Amazon,Kavita Singh,U1199
"The headphones are comfortable, and the sound quality is amazing.",Positive,Amazon,Simran Kaur,U1200
The blender works fine but is louder than expected.,Neutral,Flipkart,Anjali Nair,U1201
The phone’s camera quality is outstanding and battery lasts all day!,Positive,Flipkart,Amit Tandon,U1202
"Poor build quality, not worth the price.",Negative,Amazon,Kavita Singh,U1203
"Product matches description, nothing more nothing less.",Neutral,Amazon,Rohit Gupta,U1204
The shoes are very comfortable and stylish.,Positive,Myntra,Simran Kaur,U1205
The fitting is too tight and uncomfortable.,Negative,Myntra,Priya Sharma,U1206
"Received damaged item, very disappointed.",Negative,Amazon,Rohit Gupta,U1207
The fabric is soft and fits perfectly.,Positive,Amazon,Simran Kaur,U1208
The watch stopped working after a week.,Negative,Flipkart,Arjun Verma,U1209
The fabric is soft and fits perfectly.,Positive,Myntra,Kavita Singh,U1210
"It works as expected, no complaints so far.",Neutral,Myntra,Amit Tandon,U1211
"Received damaged item, very disappointed.",Negative,Flipkart,Rohit Gupta,U1212
"Excellent product quality, exceeded my expectations.",Positive,Flipkart,Sneha Kapoor,U1213
The shoes are very comfortable and stylish.,Positive,Amazon,Sneha Kapoor,U1214
The fabric is soft and fits perfectly.,Positive,Myntra,Anjali Nair,U1215
The fitting is too tight and uncomfortable.,Negative,Myntra,Anjali Nair,U1216
The fitting is too tight and uncomfortable.,Negative,Flipkart,Sneha Kapoor,U1217
"Poor build quality, not worth the price.",Negative,Amazon,Amit Tandon,U1218
"The headphones are comfortable, and the sound quality is amazing.",Positive,Amazon,Sneha Kapoor,U1219
"The headphones are comfortable, and the sound quality is amazing.",Positive,Flipkart,Priya Sharma,U1220
The fabric is soft and fits perfectly.,Positive,Flipkart,Priya Sharma,U1221
The shoes are very comfortable and stylish.,Positive,Flipkart,Amit Tandon,U1222
The shoes are very comfortable and stylish.,Positive,Flipkart,Priya Sharma,U1223
The watch stopped working after a week.,Negative,Flipkart,Priya Sharma,U1224
The phone’s camera quality is outstanding and battery lasts all day!,Positive,Flipkart,Priya Sharma,U1225
"Received damaged item, very disappointed.",Negative,Myntra,Vikram Malhotra,U1226
"Excellent product quality, exceeded my expectations.",Positive,Flipkart,Rohit Gupta,U1227
"Received damaged item, very disappointed.",Negative,Amazon,Anjali Nair,U1228
The laptop overheats quickly and lags during basic tasks.,Negative,Myntra,Kavita Singh,U1229
The fitting is too tight and uncomfortable.,Negative,Flipkart,Arjun Verma,U1230
The shoes are very comfortable and stylish.,Positive,Myntra,Anjali Nair,U1231
"The packaging was okay, nothing special, and the delivery was on time.",Neutral,Myntra,Rohit Gupta,U1232
"The headphones are comfortable, and the sound quality is amazing.",Positive,Amazon,Priya Sharma,U1233
"The packaging was okay, nothing special, and the delivery was on time.",Neutral,Myntra,Vikram Malhotra,U1234
The color is slightly different from the pictures but still acceptable.,Neutral,Amazon,Rohit Gupta,U1235
The blender works fine but is louder than expected.,Neutral,Amazon,Kavita Singh,U1236
The color is slightly different from the pictures but still acceptable.,Neutral,Amazon,Sneha Kapoor,U1237
The laptop overheats quickly and lags during basic tasks.,Negative,Amazon,Arjun Verma,U1238
"Excellent product quality, exceeded my expectations.",Positive,Myntra,Amit Tandon,U1239
The watch stopped working after a week.,Negative,Myntra,Kavita Singh,U1240
"It works as expected, no complaints so far.",Neutral,Myntra,Vikram Malhotra,U1241
"The headphones are comfortable, and the sound quality is amazing.",Positive,Flipkart,Amit Tandon,U1242
The shoes are very comfortable and stylish.,Positive,Amazon,Sneha Kapoor,U1243
"It works as expected, no complaints so far.",Neutral,Flipkart,Priya Sharma,U1244
The watch stopped working after a week.,Negative,Myntra,Arjun Verma,U1245
The watch stopped working after a week.,Negative,Amazon,Anjali Nair,U1246
"The headphones are comfortable, and the sound quality is amazing.",Positive,Myntra,Rahul Mehta,U1247
The phone’s camera quality is outstanding and battery lasts all day!,Positive,Flipkart,Anjali Nair,U1248
The fitting is too tight and uncomfortable.,Negative,Flipkart,Simran Kaur,U1249
"Excellent product quality, exceeded my expectations.",Positive,Amazon,Sneha Kapoor,U1250
"Received damaged item, very disappointed.",Negative,Flipkart,Sneha Kapoor,U1251
The laptop overheats quickly and lags during basic tasks.,Negative,Amazon,Sneha Kapoor,U1252
The color is slightly different from the pictures but still acceptable.,Neutral,Myntra,Anjali Nair,U1253
The phone’s camera quality is outstanding and battery lasts all day!,Positive,Amazon,Sneha Kapoor,U1254
The fitting is too tight and uncomfortable.,Negative,Amazon,Vikram Malhotra,U1255
"Product matches description, nothing more nothing less.",Neutral,Myntra,Priya Sharma,U1256
"Product matches description, nothing more nothing less.",Neutral,Amazon,Kavita Singh,U1257
"Excellent product quality, exceeded my expectations.",Positive,Myntra,Rohit Gupta,U1258
"The packaging was okay, nothing special, and the delivery was on time.",Neutral,Flipkart,Vikram Malhotra,U1259
"The headphones are comfortable, and the sound quality is amazing.",Positive,Amazon,Rahul Mehta,U1260
The blender works fine but is louder than expected.,Neutral,Amazon,Rahul Mehta,U1261
"Poor build quality, not worth the price.",Negative,Amazon,Rohit Gupta,U1262
The watch stopped working after a week.,Negative,Myntra,Kavita Singh,U1263
"It works as expected, no complaints so far.",Neutral,Myntra,Anjali Nair,U1264
"Received damaged item, very disappointed.",Negative,Flipkart,Simran Kaur,U1265
The laptop overheats quickly and lags during basic tasks.,Negative,Amazon,Anjali Nair,U1266
The fabric is soft and fits perfectly.,Positive,Amazon,Sneha Kapoor,U1267
"Product matches description, nothing more nothing less.",Neutral,Amazon,Vikram Malhotra,U1268
The fitting is too tight and uncomfortable.,Negative,Myntra,Sneha Kapoor,U1269
The laptop overheats quickly and lags during basic tasks.,Negative,Amazon,Sneha Kapoor,U1270
The laptop overheats quickly and lags during basic tasks.,Negative,Myntra,Vikram Malhotra,U1271
"It works as expected, no complaints so far.",Neutral,Amazon,Amit Tandon,U1272
The phone’s camera quality is outstanding and battery lasts all day!,Positive,Amazon,Anjali Nair,U1273
The laptop overheats quickly and lags during basic tasks.,Negative,Flipkart,Simran Kaur,U1274
"Poor build quality, not worth the price.",Negative,Amazon,Amit Tandon,U1275
The blender works fine but is louder than expected.,Neutral,Amazon,Kavita Singh,U1276
The blender works fine but is louder than expected.,Neutral,Flipkart,Rahul Mehta,U1277
The watch stopped working after a week.,Negative,Amazon,Rahul Mehta,U1278
"Poor build quality, not worth the price.",Negative,Flipkart,Sneha Kapoor,U1279
The blender works fine but is louder than expected.,Neutral,Myntra,Anjali Nair,U1280
The fabric is soft and fits perfectly.,Positive,Myntra,Sneha Kapoor,U1281
"Product matches description, nothing more nothing less.",Neutral,Myntra,Rahul Mehta,U1282
The shoes are very comfortable and stylish.,Positive,Flipkart,Priya Sharma,U1283
"Received damaged item, very disappointed.",Negative,Flipkart,Anjali Nair,U1284
The blender works fine but is louder than expected.,Neutral,Amazon,Kavita Singh,U1285
The fitting is too tight and uncomfortable.,Negative,Flipkart,Priya Sharma,U1286
The color is slightly different from the pictures but still acceptable.,Neutral,Myntra,Rahul Mehta,U1287
"It works as expected, no complaints so far.",Neutral,Flipkart,Rohit Gupta,U1288
"The packaging was okay, nothing special, and the delivery was on time.",Neutral,Amazon,Vikram Malhotra,U1289
The laptop overheats quickly and lags during basic tasks.,Negative,Myntra,Simran Kaur,U1290
"Poor build quality, not worth the price.",Negative,Amazon,Priya Sharma,U1291
"Product matches description, nothing more nothing less.",Neutral,Amazon,Kavita Singh,U1292
The blender works fine but is louder than expected.,Neutral,Amazon,Rahul Mehta,U1293
The fabric is soft and fits perfectly.,Positive,Myntra,Rahul Mehta,U1294
"Product matches description, nothing more nothing less.",Neutral,Amazon,Priya Sharma,U1295
The blender works fine but is louder than expected.,Neutral,Amazon,Sneha Kapoor,U1296
"The headphones are comfortable, and the sound quality is amazing.",Positive,Flipkart,Anjali Nair,U1297
The fabric is soft and fits perfectly.,Positive,Myntra,Rohit Gupta,U1298
The blender works fine but is louder than expected.,Neutral,Myntra,Vikram Malhotra,U1299
The fabric is soft and fits perfectly.,Positive,Amazon,Priya Sharma,U1300
"The packaging was okay, nothing special, and the delivery was on time.",Neutral,Amazon,Kavita Singh,U1301
"The headphones are comfortable, and the sound quality is amazing.",Positive,Myntra,Arjun Verma,U1302
The color is slightly different from the pictures but still acceptable.,Neutral,Amazon,Kavita Singh,U1303
"Excellent product quality, exceeded my expectations.",Positive,Myntra,Priya Sharma,U1304
The phone’s camera quality is outstanding and battery lasts all day!,Positive,Myntra,Amit Tandon,U1305
The color is slightly different from the pictures but still acceptable.,Neutral,Myntra,Rohit Gupta,U1306
The fitting is too tight and uncomfortable.,Negative,Myntra,Rahul Mehta,U1307
The color is slightly different from the pictures but still acceptable.,Neutral,Flipkart,Priya Sharma,U1308
The fitting is too tight and uncomfortable.,Negative,Myntra,Arjun Verma,U1309
"Poor build quality, not worth the price.",Negative,Myntra,Priya Sharma,U1310
The shoes are very comfortable and stylish.,Positive,Flipkart,Rohit Gupta,U1311
The fabric is soft and fits perfectly.,Positive,Flipkart,Anjali Nair,U1312
The phone’s camera quality is outstanding and battery lasts all day!,Positive,Myntra,Simran Kaur,U1313
"The packaging was okay, nothing special, and the delivery was on time.",Neutral,Flipkart,Anjali Nair,U1314
The fitting is too tight and uncomfortable.,Negative,Myntra,Rohit Gupta,U1315
"Product matches description, nothing more nothing less.",Neutral,Flipkart,Rohit Gupta,U1316
"The headphones are comfortable, and the sound quality is amazing.",Positive,Amazon,Priya Sharma,U1317
"Poor build quality, not worth the price.",Negative,Amazon,Anjali Nair,U1318
The fabric is soft and fits perfectly.,Positive,Myntra,Arjun Verma,U1319
The laptop overheats quickly and lags during basic tasks.,Negative,Flipkart,Sneha Kapoor,U1320
"It works as expected, no complaints so far.",Neutral,Myntra,Amit Tandon,U1321
The phone’s camera quality is outstanding and battery lasts all day!,Positive,Myntra,Arjun Verma,U1322
The fabric is soft and fits perfectly.,Positive,Flipkart,Simran Kaur,U1323
"The headphones are comfortable, and the sound quality is amazing.",Positive,Amazon,Arjun Verma,U1324
"The packaging was okay, nothing special, and the delivery was on time.",Neutral,Amazon,Amit Tandon,U1325
"It works as expected, no complaints so far.",Neutral,Flipkart,Simran Kaur,U1326
The color is slightly different from the pictures but still acceptable.,Neutral,Myntra,Arjun Verma,U1327
"Received damaged item, very disappointed.",Negative,Flipkart,Priya Sharma,U1328
"Excellent product quality, exceeded my expectations.",Positive,Flipkart,Amit Tandon,U1329
"The packaging was okay, nothing special, and the delivery was on time.",Neutral,Flipkart,Arjun Verma,U1330
"It works as expected, no complaints so far.",Neutral,Myntra,Vikram Malhotra,U1331
"Product matches description, nothing more nothing less.",Neutral,Amazon,Amit Tandon,U1332
The shoes are very comfortable and stylish.,Positive,Myntra,Kavita Singh,U1333
The color is slightly different from the pictures but still acceptable.,Neutral,Myntra,Kavita Singh,U1334
The fabric is soft and fits perfectly.,Positive,Amazon,Rahul Mehta,U1335
The color is slightly different from the pictures but still acceptable.,Neutral,Flipkart,Kavita Singh,U1336
The fitting is too tight and uncomfortable.,Negative,Amazon,Amit Tandon,U1337
The laptop overheats quickly and lags during basic tasks.,Negative,Myntra,Kavita Singh,U1338
"The packaging was okay, nothing special, and the delivery was on time.",Neutral,Amazon,Rohit Gupta,U1339
The watch stopped working after a week.,Negative,Amazon,Kavita Singh,U1340
"The packaging was okay, nothing special, and the delivery was on time.",Neutral,Myntra,Anjali Nair,U1341
The fitting is too tight and uncomfortable.,Negative,Amazon,Kavita Singh,U1342
The blender works fine but is louder than expected.,Neutral,Amazon,Anjali Nair,U1343
"It works as expected, no complaints so far.",Neutral,Flipkart,Sneha Kapoor,U1344
"Excellent product quality, exceeded my expectations.",Positive,Flipkart,Priya Sharma,U1345
The watch stopped working after a week.,Negative,Amazon,Simran Kaur,U1346
"Received damaged item, very disappointed.",Negative,Flipkart,Anjali Nair,U1347
The color is slightly different from the pictures but still acceptable.,Neutral,Amazon,Sneha Kapoor,U1348
The blender works fine but is louder than expected.,Neutral,Amazon,Simran Kaur,U1349
"Product matches description, nothing more nothing less.",Neutral,Flipkart,Anjali Nair,U1350
The blender works fine but is louder than expected.,Neutral,Amazon,Amit Tandon,U1351
"Poor build quality, not worth the price.",Negative,Myntra,Simran Kaur,U1352
"Poor build quality, not worth the price.",Negative,Flipkart,Arjun Verma,U1353
The fabric is soft and fits perfectly.,Positive,Amazon,Amit Tandon,U1354
The shoes are very comfortable and stylish.,Positive,Flipkart,Kavita Singh,U1355
The phone’s camera quality is outstanding and battery lasts all day!,Positive,Flipkart,Simran Kaur,U1356
The blender works fine but is louder than expected.,Neutral,Flipkart,Anjali Nair,U1357
The watch stopped working after a week.,Negative,Flipkart,Sneha Kapoor,U1358
"Excellent product quality, exceeded my expectations.",Positive,Myntra,Simran Kaur,U1359
The phone’s camera quality is outstanding and battery lasts all day!,Positive,Flipkart,Rohit Gupta,U1360
The shoes are very comfortable and stylish.,Positive,Flipkart,Priya Sharma,U1361
The fabric is soft and fits perfectly.,Positive,Myntra,Sneha Kapoor,U1362
The color is slightly different from the pictures but still acceptable.,Neutral,Myntra,Rohit Gupta,U1363
"The packaging was okay, nothing special, and the delivery was on time.",Neutral,Amazon,Arjun Verma,U1364
The phone’s camera quality is outstanding and battery lasts all day!,Positive,Myntra,Amit Tandon,U1365
The fabric is soft and fits perfectly.,Positive,Flipkart,Arjun Verma,U1366
"It works as expected, no complaints so far.",Neutral,Flipkart,Sneha Kapoor,U1367
The color is slightly different from the pictures but still acceptable.,Neutral,Flipkart,Sneha Kapoor,U1368
The blender works fine but is louder than expected.,Neutral,Flipkart,Vikram Malhotra,U1369
"Received damaged item, very disappointed.",Negative,Myntra,Sneha Kapoor,U1370
The laptop overheats quickly and lags during basic tasks.,Negative,Amazon,Arjun Verma,U1371
The fitting is too tight and uncomfortable.,Negative,Amazon,Simran Kaur,U1372
"Product matches description, nothing more nothing less.",Neutral,Myntra,Rohit Gupta,U1373
The phone’s camera quality is outstanding and battery lasts all day!,Positive,Flipkart,Anjali Nair,U1374
The laptop overheats quickly and lags during basic tasks.,Negative,Amazon,Arjun Verma,U1375
"Poor build quality, not worth the price.",Negative,Flipkart,Priya Sharma,U1376
The color is slightly different from the pictures but still acceptable.,Neutral,Flipkart,Rahul Mehta,U1377
The color is slightly different from the pictures but still acceptable.,Neutral,Amazon,Kavita Singh,U1378
The laptop overheats quickly and lags during basic tasks.,Negative,Amazon,Rahul Mehta,U1379
The fabric is soft and fits perfectly.,Positive,Flipkart,Anjali Nair,U1380
"The headphones are comfortable, and the sound quality is amazing.",Positive,Flipkart,Rahul Mehta,U1381
The fabric is soft and fits perfectly.,Positive,Amazon,Rahul Mehta,U1382
The phone’s camera quality is outstanding and battery lasts all day!,Positive,Myntra,Priya Sharma,U1383
"Received damaged item, very disappointed.",Negative,Amazon,Rohit Gupta,U1384
The fitting is too tight and uncomfortable.,Negative,Amazon,Vikram Malhotra,U1385
"It works as expected, no complaints so far.",Neutral,Myntra,Arjun Verma,U1386
"Received damaged item, very disappointed.",Negative,Amazon,Anjali Nair,U1387
"Received damaged item, very disappointed.",Negative,Flipkart,Priya Sharma,U1388
The watch stopped working after a week.,Negative,Flipkart,Sneha Kapoor,U1389
"Product matches description, nothing more nothing less.",Neutral,Amazon,Rohit Gupta,U1390
"Received damaged item, very disappointed.",Negative,Flipkart,Simran Kaur,U1391
"The headphones are comfortable, and the sound quality is amazing.",Positive,Amazon,Vikram Malhotra,U1392
"Poor build quality, not worth the price.",Negative,Flipkart,Rohit Gupta,U1393
The phone’s camera quality is outstanding and battery lasts all day!,Positive,Myntra,Vikram Malhotra,U1394
The fabric is soft and fits perfectly.,Positive,Amazon,Kavita Singh,U1395
"Product matches description, nothing more nothing less.",Neutral,Amazon,Rohit Gupta,U1396
The blender works fine but is louder than expected.,Neutral,Amazon,Rahul Mehta,U1397
The color is slightly different from the pictures but still acceptable.,Neutral,Flipkart,Amit Tandon,U1398
"Poor build quality, not worth the price.",Negative,Flipkart,Rahul Mehta,U1399
"Product matches description, nothing more nothing less.",Neutral,Myntra,Rohit Gupta,U1400
"Received damaged item, very disappointed.",Negative,Amazon,Arjun Verma,U1401
The shoes are very comfortable and stylish.,Positive,Myntra,Priya Sharma,U1402
"The packaging was okay, nothing special, and the delivery was on time.",Neutral,Flipkart,Kavita Singh,U1403
"It works as expected, no complaints so far.",Neutral,Flipkart,Priya Sharma,U1404
The fabric is soft and fits perfectly.,Positive,Amazon,Rahul Mehta,U1405
"Product matches description, nothing more nothing less.",Neutral,Myntra,Simran Kaur,U1406
The phone’s camera quality is outstanding and battery lasts all day!,Positive,Flipkart,Rahul Mehta,U1407
The shoes are very comfortable and stylish.,Positive,Flipkart,Vikram Malhotra,U1408
The fitting is too tight and uncomfortable.,Negative,Amazon,Vikram Malhotra,U1409
"It works as expected, no complaints so far.",Neutral,Amazon,Simran Kaur,U1410
The fitting is too tight and uncomfortable.,Negative,Amazon,Rahul Mehta,U1411
"It works as expected, no complaints so far.",Neutral,Myntra,Rahul Mehta,U1412
The laptop overheats quickly and lags during basic tasks.,Negative,Myntra,Anjali Nair,U1413
"Product matches description, nothing more nothing less.",Neutral,Flipkart,Arjun Verma,U1414
The fitting is too tight and uncomfortable.,Negative,Myntra,Arjun Verma,U1415
"The headphones are comfortable, and the sound quality is amazing.",Positive,Myntra,Anjali Nair,U1416
"Product matches description, nothing more nothing less.",Neutral,Flipkart,Kavita Singh,U1417
"The packaging was okay, nothing special, and the delivery was on time.",Neutral,Myntra,Rahul Mehta,U1418
"Excellent product quality, exceeded my expectations.",Positive,Myntra,Simran Kaur,U1419
The phone’s camera quality is outstanding and battery lasts all day!,Positive,Amazon,Anjali Nair,U1420
The blender works fine but is louder than expected.,Neutral,Myntra,Priya Sharma,U1421
The fitting is too tight and uncomfortable.,Negative,Flipkart,Priya Sharma,U1422
The laptop overheats quickly and lags during basic tasks.,Negative,Myntra,Sneha Kapoor,U1423
"The packaging was okay, nothing special, and the delivery was on time.",Neutral,Myntra,Amit Tandon,U1424
The fabric is soft and fits perfectly.,Positive,Flipkart,Amit Tandon,U1425
"Received damaged item, very disappointed.",Negative,Myntra,Rahul Mehta,U1426
The blender works fine but is louder than expected.,Neutral,Myntra,Simran Kaur,U1427
The fabric is soft and fits perfectly.,Positive,Myntra,Arjun Verma,U1428
The color is slightly different from the pictures but still acceptable.,Neutral,Myntra,Arjun Verma,U1429
"Excellent product quality, exceeded my expectations.",Positive,Myntra,Priya Sharma,U1430
"The packaging was okay, nothing special, and the delivery was on time.",Neutral,Flipkart,Rahul Mehta,U1431
"Excellent product quality, exceeded my expectations.",Positive,Myntra,Anjali Nair,U1432
The watch stopped working after a week.,Negative,Amazon,Kavita Singh,U1433
The blender works fine but is louder than expected.,Neutral,Flipkart,Rahul Mehta,U1434
"It works as expected, no complaints so far.",Neutral,Myntra,Simran Kaur,U1435
"Received damaged item, very disappointed.",Negative,Amazon,Anjali Nair,U1436
The laptop overheats quickly and lags during basic tasks.,Negative,Myntra,Anjali Nair,U1437
"Received damaged item, very disappointed.",Negative,Amazon,Amit Tandon,U1438
The phone’s camera quality is outstanding and battery lasts all day!,Positive,Myntra,Simran Kaur,U1439
"Excellent product quality, exceeded my expectations.",Positive,Myntra,Rahul Mehta,U1440
"It works as expected, no complaints so far.",Neutral,Myntra,Sneha Kapoor,U1441
"The headphones are comfortable, and the sound quality is amazing.",Positive,Amazon,Sneha Kapoor,U1442
"The headphones are comfortable, and the sound quality is amazing.",Positive,Amazon,Arjun Verma,U1443
"Received damaged item, very disappointed.",Negative,Amazon,Simran Kaur,U1444
"The packaging was okay, nothing special, and the delivery was on time.",Neutral,Amazon,Rahul Mehta,U1445
The laptop overheats quickly and lags during basic tasks.,Negative,Amazon,Anjali Nair,U1446
The watch stopped working after a week.,Negative,Flipkart,Anjali Nair,U1447
"Received damaged item, very disappointed.",Negative,Flipkart,Priya Sharma,U1448
The color is slightly different from the pictures but still acceptable.,Neutral,Myntra,Simran Kaur,U1449
The blender works fine but is louder than expected.,Neutral,Flipkart,Anjali Nair,U1450
"The packaging was okay, nothing special, and the delivery was on time.",Neutral,Amazon,Vikram Malhotra,U1451
The fabric is soft and fits perfectly.,Positive,Amazon,Rohit Gupta,U1452
"The headphones are comfortable, and the sound quality is amazing.",Positive,Flipkart,Amit Tandon,U1453
The shoes are very comfortable and stylish.,Positive,Flipkart,Simran Kaur,U1454
The laptop overheats quickly and lags during basic tasks.,Negative,Myntra,Anjali Nair,U1455
The laptop overheats quickly and lags during basic tasks.,Negative,Amazon,Anjali Nair,U1456
"It works as expected, no complaints so far.",Neutral,Amazon,Vikram Malhotra,U1457
"Product matches description, nothing more nothing less.",Neutral,Amazon,Arjun Verma,U1458
"Poor build quality, not worth the price.",Negative,Flipkart,Simran Kaur,U1459
The watch stopped working after a week.,Negative,Amazon,Amit Tandon,U1460
"Excellent product quality, exceeded my expectations.",Positive,Flipkart,Sneha Kapoor,U1461
The watch stopped working after a week.,Negative,Amazon,Priya Sharma,U1462
The laptop overheats quickly and lags during basic tasks.,Negative,Myntra,Amit Tandon,U1463
The phone’s camera quality is outstanding and battery lasts all day!,Positive,Myntra,Simran Kaur,U1464
"Excellent product quality, exceeded my expectations.",Positive,Myntra,Amit Tandon,U1465
"The packaging was okay, nothing special, and the delivery was on time.",Neutral,Flipkart,Kavita Singh,U1466
"The headphones are comfortable, and the sound quality is amazing.",Positive,Myntra,Sneha Kapoor,U1467
"The packaging was okay, nothing special, and the delivery was on time.",Neutral,Myntra,Priya Sharma,U1468
The color is slightly different from the pictures but still acceptable.,Neutral,Flipkart,Amit Tandon,U1469
The blender works fine but is louder than expected.,Neutral,Flipkart,Priya Sharma,U1470
"Excellent product quality, exceeded my expectations.",Positive,Myntra,Sneha Kapoor,U1471
"The packaging was okay, nothing special, and the delivery was on time.",Neutral,Myntra,Rahul Mehta,U1472
The fitting is too tight and uncomfortable.,Negative,Myntra,Sneha Kapoor,U1473
"Received damaged item, very disappointed.",Negative,Myntra,Arjun Verma,U1474
"The packaging was okay, nothing special, and the delivery was on time.",Neutral,Amazon,Vikram Malhotra,U1475
"The packaging was okay, nothing special, and the delivery was on time.",Neutral,Myntra,Arjun Verma,U1476
The phone’s camera quality is outstanding and battery lasts all day!,Positive,Amazon,Rohit Gupta,U1477
The shoes are very comfortable and stylish.,Positive,Myntra,Arjun Verma,U1478
The color is slightly different from the pictures but still acceptable.,Neutral,Amazon,Priya Sharma,U1479
"Received damaged item, very disappointed.",Negative,Flipkart,Vikram Malhotra,U1480
The phone’s camera quality is outstanding and battery lasts all day!,Positive,Amazon,Anjali Nair,U1481
The fabric is soft and fits perfectly.,Positive,Amazon,Kavita Singh,U1482
"Excellent product quality, exceeded my expectations.",Positive,Myntra,Vikram Malhotra,U1483
"Poor build quality, not worth the price.",Negative,Myntra,Vikram Malhotra,U1484
"The headphones are comfortable, and the sound quality is amazing.",Positive,Flipkart,Kavita Singh,U1485
The phone’s camera quality is outstanding and battery lasts all day!,Positive,Myntra,Vikram Malhotra,U1486
The shoes are very comfortable and stylish.,Positive,Myntra,Simran Kaur,U1487
The color is slightly different from the pictures but still acceptable.,Neutral,Myntra,Sneha Kapoor,U1488
"Excellent product quality, exceeded my expectations.",Positive,Myntra,Sneha Kapoor,U1489
The laptop overheats quickly and lags during basic tasks.,Negative,Flipkart,Vikram Malhotra,U1490
"The packaging was okay, nothing special, and the delivery was on time.",Neutral,Flipkart,Anjali Nair,U1491
"The headphones are comfortable, and the sound quality is amazing.",Positive,Flipkart,Anjali Nair,U1492
"The headphones are comfortable, and the sound quality is amazing.",Positive,Flipkart,Kavita Singh,U1493
The fabric is soft and fits perfectly.,Positive,Amazon,Vikram Malhotra,U1494
The color is slightly different from the pictures but still acceptable.,Neutral,Amazon,Arjun Verma,U1495
The fitting is too tight and uncomfortable.,Negative,Myntra,Arjun Verma,U1496
The blender works fine but is louder than expected.,Neutral,Amazon,Arjun Verma,U1497
"Received damaged item, very disappointed.",Negative,Flipkart,Rohit Gupta,U1498
"Poor build quality, not worth the price.",Negative,Myntra,Vikram Malhotra,U1499
The blender works fine but is louder than expected.,Neutral,Flipkart,Kavita Singh,U1500
The watch stopped working after a week.,Negative,Flipkart,Sneha Kapoor,U1501
"The packaging was okay, nothing special, and the delivery was on time.",Neutral,Myntra,Simran Kaur,U1502
The laptop overheats quickly and lags during basic tasks.,Negative,Amazon,Arjun Verma,U1503
"Received damaged item, very disappointed.",Negative,Myntra,Simran Kaur,U1504
The blender works fine but is louder than expected.,Neutral,Amazon,Sneha Kapoor,U1505
The phone’s camera quality is outstanding and battery lasts all day!,Positive,Flipkart,Priya Sharma,U1506
The fitting is too tight and uncomfortable.,Negative,Myntra,Priya Sharma,U1507
The watch stopped working after a week.,Negative,Flipkart,Anjali Nair,U1508
The fitting is too tight and uncomfortable.,Negative,Amazon,Vikram Malhotra,U1509
"Received damaged item, very disappointed.",Negative,Myntra,Rohit Gupta,U1510
"Received damaged item, very disappointed.",Negative,Myntra,Kavita Singh,U1511
The laptop overheats quickly and lags during basic tasks.,Negative,Flipkart,Simran Kaur,U1512
"Excellent product quality, exceeded my expectations.",Positive,Flipkart,Priya Sharma,U1513
The fabric is soft and fits perfectly.,Positive,Amazon,Arjun Verma,U1514
"Poor build quality, not worth the price.",Negative,Flipkart,Arjun Verma,U1515
The color is slightly different from the pictures but still acceptable.,Neutral,Myntra,Rohit Gupta,U1516
The phone’s camera quality is outstanding and battery lasts all day!,Positive,Myntra,Kavita Singh,U1517
The color is slightly different from the pictures but still acceptable.,Neutral,Amazon,Rahul Mehta,U1518
The shoes are very comfortable and stylish.,Positive,Amazon,Rahul Mehta,U1519
The blender works fine but is louder than expected.,Neutral,Myntra,Anjali Nair,U1520
"The packaging was okay, nothing special, and the delivery was on time.",Neutral,Amazon,Arjun Verma,U1521
"It works as expected, no complaints so far.",Neutral,Myntra,Arjun Verma,U1522
The blender works fine but is louder than expected.,Neutral,Myntra,Simran Kaur,U1523
The laptop overheats quickly and lags during basic tasks.,Negative,Amazon,Priya Sharma,U1524
"Poor build quality, not worth the price.",Negative,Flipkart,Rahul Mehta,U1525
"The headphones are comfortable, and the sound quality is amazing.",Positive,Flipkart,Kavita Singh,U1526
The fitting is too tight and uncomfortable.,Negative,Myntra,Simran Kaur,U1527
The fitting is too tight and uncomfortable.,Negative,Flipkart,Sneha Kapoor,U1528
The phone’s camera quality is outstanding and battery lasts all day!,Positive,Amazon,Anjali Nair,U1529
The phone’s camera quality is outstanding and battery lasts all day!,Positive,Myntra,Sneha Kapoor,U1530
The blender works fine but is louder than expected.,Neutral,Flipkart,Amit Tandon,U1531
"The headphones are comfortable, and the sound quality is amazing.",Positive,Myntra,Rahul Mehta,U1532
The fitting is too tight and uncomfortable.,Negative,Flipkart,Amit Tandon,U1533
"Received damaged item, very disappointed.",Negative,Myntra,Rahul Mehta,U1534
"Received damaged item, very disappointed.",Negative,Flipkart,Kavita Singh,U1535
"Product matches description, nothing more nothing less.",Neutral,Amazon,Priya Sharma,U1536
"Received damaged item, very disappointed.",Negative,Myntra,Simran Kaur,U1537
The watch stopped working after a week.,Negative,Flipkart,Simran Kaur,U1538
"Product matches description, nothing more nothing less.",Neutral,Amazon,Anjali Nair,U1539
The fabric is soft and fits perfectly.,Positive,Amazon,Anjali Nair,U1540
"Poor build quality, not worth the price.",Negative,Myntra,Vikram Malhotra,U1541
The blender works fine but is louder than expected.,Neutral,Flipkart,Arjun Verma,U1542
The fabric is soft and fits perfectly.,Positive,Amazon,Kavita Singh,U1543
"Received damaged item, very disappointed.",Negative,Flipkart,Sneha Kapoor,U1544
The color is slightly different from the pictures but still acceptable.,Neutral,Flipkart,Vikram Malhotra,U1545
The phone’s camera quality is outstanding and battery lasts all day!,Positive,Amazon,Kavita Singh,U1546
"Excellent product quality, exceeded my expectations.",Positive,Flipkart,Rahul Mehta,U1547
The phone’s camera quality is outstanding and battery lasts all day!,Positive,Amazon,Sneha Kapoor,U1548
"Received damaged item, very disappointed.",Negative,Amazon,Sneha Kapoor,U1549
"Product matches description, nothing more nothing less.",Neutral,Amazon,Anjali Nair,U1550
"The headphones are comfortable, and the sound quality is amazing.",Positive,Myntra,Vikram Malhotra,U1551
The watch stopped working after a week.,Negative,Flipkart,Rohit Gupta,U1552
The blender works fine but is louder than expected.,Neutral,Flipkart,Anjali Nair,U1553
The color is slightly different from the pictures but still acceptable.,Neutral,Amazon,Anjali Nair,U1554
The laptop overheats quickly and lags during basic tasks.,Negative,Amazon,Sneha Kapoor,U1555
"It works as expected, no complaints so far.",Neutral,Amazon,Sneha Kapoor,U1556
"Poor build quality, not worth the price.",Negative,Amazon,Amit Tandon,U1557
The fitting is too tight and uncomfortable.,Negative,Amazon,Rahul Mehta,U1558
The shoes are very comfortable and stylish.,Positive,Amazon,Sneha Kapoor,U1559
"Poor build quality, not worth the price.",Negative,Amazon,Simran Kaur,U1560
"Poor build quality, not worth the price.",Negative,Amazon,Arjun Verma,U1561
The blender works fine but is louder than expected.,Neutral,Amazon,Sneha Kapoor,U1562
The fitting is too tight and uncomfortable.,Negative,Flipkart,Anjali Nair,U1563
The blender works fine but is louder than expected.,Neutral,Myntra,Simran Kaur,U1564
The phone’s camera quality is outstanding and battery lasts all day!,Positive,Amazon,Kavita Singh,U1565
The color is slightly different from the pictures but still acceptable.,Neutral,Amazon,Rahul Mehta,U1566
The shoes are very comfortable and stylish.,Positive,Amazon,Kavita Singh,U1567
"Product matches description, nothing more nothing less.",Neutral,Flipkart,Arjun Verma,U1568
The phone’s camera quality is outstanding and battery lasts all day!,Positive,Myntra,Simran Kaur,U1569
"Excellent product quality, exceeded my expectations.",Positive,Myntra,Kavita Singh,U1570
"Product matches description, nothing more nothing less.",Neutral,Amazon,Vikram Malhotra,U1571
The watch stopped working after a week.,Negative,Amazon,Simran Kaur,U1572
"Excellent product quality, exceeded my expectations.",Positive,Myntra,Kavita Singh,U1573
The blender works fine but is louder than expected.,Neutral,Myntra,Vikram Malhotra,U1574
"It works as expected, no complaints so far.",Neutral,Flipkart,Anjali Nair,U1575
"The packaging was okay, nothing special, and the delivery was on time.",Neutral,Myntra,Vikram Malhotra,U1576
The laptop overheats quickly and lags during basic tasks.,Negative,Amazon,Anjali Nair,U1577
The laptop overheats quickly and lags during basic tasks.,Negative,Amazon,Amit Tandon,U1578
"Poor build quality, not worth the price.",Negative,Flipkart,Arjun Verma,U1579
The phone’s camera quality is outstanding and battery lasts all day!,Positive,Flipkart,Kavita Singh,U1580
The fabric is soft and fits perfectly.,Positive,Flipkart,Priya Sharma,U1581
The blender works fine but is louder than expected.,Neutral,Myntra,Kavita Singh,U1582
The fitting is too tight and uncomfortable.,Negative,Amazon,Vikram Malhotra,U1583
The watch stopped working after a week.,Negative,Myntra,Rohit Gupta,U1584
"The packaging was okay, nothing special, and the delivery was on time.",Neutral,Amazon,Vikram Malhotra,U1585
The laptop overheats quickly and lags during basic tasks.,Negative,Flipkart,Vikram Malhotra,U1586
"The packaging was okay, nothing special, and the delivery was on time.",Neutral,Amazon,Simran Kaur,U1587
"The packaging was okay, nothing special, and the delivery was on time.",Neutral,Myntra,Simran Kaur,U1588
The fabric is soft and fits perfectly.,Positive,Flipkart,Simran Kaur,U1589
The color is slightly different from the pictures but still acceptable.,Neutral,Flipkart,Anjali Nair,U1590
The shoes are very comfortable and stylish.,Positive,Amazon,Arjun Verma,U1591
"The packaging was okay, nothing special, and the delivery was on time.",Neutral,Myntra,Rahul Mehta,U1592
The watch stopped working after a week.,Negative,Myntra,Anjali Nair,U1593
The watch stopped working after a week.,Negative,Flipkart,Anjali Nair,U1594
The laptop overheats quickly and lags during basic tasks.,Negative,Amazon,Rohit Gupta,U1595
"The headphones are comfortable, and the sound quality is amazing.",Positive,Amazon,Rohit Gupta,U1596
"The headphones are comfortable, and the sound quality is amazing.",Positive,Flipkart,Rahul Mehta,U1597
The fitting is too tight and uncomfortable.,Negative,Myntra,Arjun Verma,U1598
The blender works fine but is louder than expected.,Neutral,Flipkart,Anjali Nair,U1599
The phone’s camera quality is outstanding and battery lasts all day!,Positive,Myntra,Amit Tandon,U1600
The color is slightly different from the pictures but still acceptable.,Neutral,Flipkart,Rahul Mehta,U1601
"It works as expected, no complaints so far.",Neutral,Flipkart,Rohit Gupta,U1602
The blender works fine but is louder than expected.,Neutral,Flipkart,Vikram Malhotra,U1603
"The headphones are comfortable, and the sound quality is amazing.",Positive,Amazon,Sneha Kapoor,U1604
The color is slightly different from the pictures but still acceptable.,Neutral,Flipkart,Arjun Verma,U1605
"It works as expected, no complaints so far.",Neutral,Myntra,Amit Tandon,U1606
"Poor build quality, not worth the price.",Negative,Amazon,Amit Tandon,U1607
The fabric is soft and fits perfectly.,Positive,Myntra,Amit Tandon,U1608
"It works as expected, no complaints so far.",Neutral,Myntra,Simran Kaur,U1609
The fitting is too tight and uncomfortable.,Negative,Amazon,Vikram Malhotra,U1610
"It works as expected, no complaints so far.",Neutral,Myntra,Sneha Kapoor,U1611
The watch stopped working after a week.,Negative,Myntra,Rohit Gupta,U1612
The laptop overheats quickly and lags during basic tasks.,Negative,Myntra,Kavita Singh,U1613
The fitting is too tight and uncomfortable.,Negative,Myntra,Sneha Kapoor,U1614
The color is slightly different from the pictures but still acceptable.,Neutral,Myntra,Anjali Nair,U1615
The phone’s camera quality is outstanding and battery lasts all day!,Positive,Flipkart,Arjun Verma,U1616
"Excellent product quality, exceeded my expectations.",Positive,Myntra,Arjun Verma,U1617
"The packaging was okay, nothing special, and the delivery was on time.",Neutral,Myntra,Sneha Kapoor,U1618
The laptop overheats quickly and lags during basic tasks.,Negative,Amazon,Rahul Mehta,U1619
"Received damaged item, very disappointed.",Negative,Flipkart,Arjun Verma,U1620
"Poor build quality, not worth the price.",Negative,Myntra,Kavita Singh,U1621
The blender works fine but is louder than expected.,Neutral,Amazon,Simran Kaur,U1622
The shoes are very comfortable and stylish.,Positive,Myntra,Rahul Mehta,U1623
"Received damaged item, very disappointed.",Negative,Flipkart,Rohit Gupta,U1624
"Product matches description, nothing more nothing less.",Neutral,Myntra,Amit Tandon,U1625
The color is slightly different from the pictures but still acceptable.,Neutral,Myntra,Arjun Verma,U1626
"It works as expected, no complaints so far.",Neutral,Amazon,Simran Kaur,U1627
The blender works fine but is louder than expected.,Neutral,Amazon,Simran Kaur,U1628
The blender works fine but is louder than expected.,Neutral,Amazon,Arjun Verma,U1629
The phone’s camera quality is outstanding and battery lasts all day!,Positive,Myntra,Amit Tandon,U1630
The fabric is soft and fits perfectly.,Positive,Myntra,Anjali Nair,U1631
The color is slightly different from the pictures but still acceptable.,Neutral,Flipkart,Rohit Gupta,U1632
The watch stopped working after a week.,Negative,Myntra,Simran Kaur,U1633
The color is slightly different from the pictures but still acceptable.,Neutral,Amazon,Rahul Mehta,U1634
The watch stopped working after a week.,Negative,Myntra,Simran Kaur,U1635
"Excellent product quality, exceeded my expectations.",Positive,Flipkart,Sneha Kapoor,U1636
"It works as expected, no complaints so far.",Neutral,Myntra,Anjali Nair,U1637
"The headphones are comfortable, and the sound quality is amazing.",Positive,Flipkart,Vikram Malhotra,U1638
The watch stopped working after a week.,Negative,Amazon,Anjali Nair,U1639
The phone’s camera quality is outstanding and battery lasts all day!,Positive,Amazon,Priya Sharma,U1640
The laptop overheats quickly and lags during basic tasks.,Negative,Amazon,Kavita Singh,U1641
"It works as expected, no complaints so far.",Neutral,Amazon,Sneha Kapoor,U1642
"The headphones are comfortable, and the sound quality is amazing.",Positive,Myntra,Simran Kaur,U1643
The laptop overheats quickly and lags during basic tasks.,Negative,Amazon,Arjun Verma,U1644
The color is slightly different from the pictures but still acceptable.,Neutral,Myntra,Rohit Gupta,U1645
The phone’s camera quality is outstanding and battery lasts all day!,Positive,Flipkart,Anjali Nair,U1646
The fitting is too tight and uncomfortable.,Negative,Amazon,Simran Kaur,U1647
The blender works fine but is louder than expected.,Neutral,Myntra,Amit Tandon,U1648
"Excellent product quality, exceeded my expectations.",Positive,Myntra,Sneha Kapoor,U1649
The blender works fine but is louder than expected.,Neutral,Flipkart,Rohit Gupta,U1650
"The packaging was okay, nothing special, and the delivery was on time.",Neutral,Myntra,Vikram Malhotra,U1651
"Product matches description, nothing more nothing less.",Neutral,Myntra,Vikram Malhotra,U1652
"Received damaged item, very disappointed.",Negative,Amazon,Rahul Mehta,U1653
The shoes are very comfortable and stylish.,Positive,Myntra,Anjali Nair,U1654
"Received damaged item, very disappointed.",Negative,Myntra,Rohit Gupta,U1655
"Poor build quality, not worth the price.",Negative,Flipkart,Amit Tandon,U1656
The shoes are very comfortable and stylish.,Positive,Flipkart,Anjali Nair,U1657
"It works as expected, no complaints so far.",Neutral,Amazon,Amit Tandon,U1658
"Poor build quality, not worth the price.",Negative,Myntra,Rohit Gupta,U1659
The fabric is soft and fits perfectly.,Positive,Flipkart,Priya Sharma,U1660
"The headphones are comfortable, and the sound quality is amazing.",Positive,Myntra,Rohit Gupta,U1661
"The packaging was okay, nothing special, and the delivery was on time.",Neutral,Flipkart,Priya Sharma,U1662
"The packaging was okay, nothing special, and the delivery was on time.",Neutral,Myntra,Rahul Mehta,U1663
The shoes are very comfortable and stylish.,Positive,Myntra,Vikram Malhotra,U1664
The shoes are very comfortable and stylish.,Positive,Flipkart,Rahul Mehta,U1665
The watch stopped working after a week.,Negative,Myntra,Amit Tandon,U1666
The fitting is too tight and uncomfortable.,Negative,Myntra,Vikram Malhotra,U1667
The laptop overheats quickly and lags during basic tasks.,Negative,Amazon,Amit Tandon,U1668
"Product matches description, nothing more nothing less.",Neutral,Flipkart,Sneha Kapoor,U1669
"Poor build quality, not worth the price.",Negative,Myntra,Sneha Kapoor,U1670
The fabric is soft and fits perfectly.,Positive,Flipkart,Priya Sharma,U1671
The phone’s camera quality is outstanding and battery lasts all day!,Positive,Myntra,Vikram Malhotra,U1672
The blender works fine but is louder than expected.,Neutral,Flipkart,Rahul Mehta,U1673
"Excellent product quality, exceeded my expectations.",Positive,Flipkart,Anjali Nair,U1674
"Poor build quality, not worth the price.",Negative,Amazon,Priya Sharma,U1675
The laptop overheats quickly and lags during basic tasks.,Negative,Amazon,Anjali Nair,U1676
The phone’s camera quality is outstanding and battery lasts all day!,Positive,Flipkart,Arjun Verma,U1677
"Excellent product quality, exceeded my expectations.",Positive,Flipkart,Kavita Singh,U1678
"It works as expected, no complaints so far.",Neutral,Myntra,Anjali Nair,U1679
"Excellent product quality, exceeded my expectations.",Positive,Myntra,Kavita Singh,U1680
"Poor build quality, not worth the price.",Negative,Myntra,Kavita Singh,U1681
"Poor build quality, not worth the price.",Negative,Myntra,Vikram Malhotra,U1682
"The packaging was okay, nothing special, and the delivery was on time.",Neutral,Flipkart,Rahul Mehta,U1683
"Poor build quality, not worth the price.",Negative,Flipkart,Arjun Verma,U1684
"The headphones are comfortable, and the sound quality is amazing.",Positive,Flipkart,Vikram Malhotra,U1685
The color is slightly different from the pictures but still acceptable.,Neutral,Amazon,Arjun Verma,U1686
"The headphones are comfortable, and the sound quality is amazing.",Positive,Flipkart,Rohit Gupta,U1687
The phone’s camera quality is outstanding and battery lasts all day!,Positive,Amazon,Kavita Singh,U1688
The watch stopped working after a week.,Negative,Myntra,Kavita Singh,U1689
"Received damaged item, very disappointed.",Negative,Flipkart,Rahul Mehta,U1690
The blender works fine but is louder than expected.,Neutral,Myntra,Priya Sharma,U1691
"Excellent product quality, exceeded my expectations.",Positive,Amazon,Simran Kaur,U1692
The watch stopped working after a week.,Negative,Myntra,Rahul Mehta,U1693
"The packaging was okay, nothing special, and the delivery was on time.",Neutral,Amazon,Arjun Verma,U1694
The color is slightly different from the pictures but still acceptable.,Neutral,Myntra,Rahul Mehta,U1695
"The packaging was okay, nothing special, and the delivery was on time.",Neutral,Flipkart,Rohit Gupta,U1696
The laptop overheats quickly and lags during basic tasks.,Negative,Myntra,Simran Kaur,U1697
"The packaging was okay, nothing special, and the delivery was on time.",Neutral,Flipkart,Vikram Malhotra,U1698
"Poor build quality, not worth the price.",Negative,Myntra,Rahul Mehta,U1699
The blender works fine but is louder than expected.,Neutral,Amazon,Priya Sharma,U1700
The laptop overheats quickly and lags during basic tasks.,Negative,Myntra,Vikram Malhotra,U1701
"Poor build quality, not worth the price.",Negative,Flipkart,Vikram Malhotra,U1702
The watch stopped working after a week.,Negative,Myntra,Arjun Verma,U1703
"The headphones are comfortable, and the sound quality is amazing.",Positive,Flipkart,Arjun Verma,U1704
"Poor build quality, not worth the price.",Negative,Myntra,Amit Tandon,U1705
The watch stopped working after a week.,Negative,Amazon,Arjun Verma,U1706
The fitting is too tight and uncomfortable.,Negative,Flipkart,Kavita Singh,U1707
"Excellent product quality, exceeded my expectations.",Positive,Flipkart,Vikram Malhotra,U1708
"Excellent product quality, exceeded my expectations.",Positive,Flipkart,Simran Kaur,U1709
The color is slightly different from the pictures but still acceptable.,Neutral,Myntra,Rahul Mehta,U1710
The blender works fine but is louder than expected.,Neutral,Amazon,Rohit Gupta,U1711
The laptop overheats quickly and lags during basic tasks.,Negative,Amazon,Rohit Gupta,U1712
"The headphones are comfortable, and the sound quality is amazing.",Positive,Myntra,Amit Tandon,U1713
"Poor build quality, not worth the price.",Negative,Flipkart,Anjali Nair,U1714
"Received damaged item, very disappointed.",Negative,Myntra,Sneha Kapoor,U1715
"The headphones are comfortable, and the sound quality is amazing.",Positive,Flipkart,Vikram Malhotra,U1716
"Received damaged item, very disappointed.",Negative,Myntra,Amit Tandon,U1717
"Excellent product quality, exceeded my expectations.",Positive,Amazon,Priya Sharma,U1718
"The headphones are comfortable, and the sound quality is amazing.",Positive,Myntra,Rohit Gupta,U1719
"Poor build quality, not worth the price.",Negative,Flipkart,Kavita Singh,U1720
"It works as expected, no complaints so far.",Neutral,Amazon,Rahul Mehta,U1721
The phone’s camera quality is outstanding and battery lasts all day!,Positive,Myntra,Rahul Mehta,U1722
"The packaging was okay, nothing special, and the delivery was on time.",Neutral,Flipkart,Rohit Gupta,U1723
"Excellent product quality, exceeded my expectations.",Positive,Myntra,Sneha Kapoor,U1724
"Poor build quality, not worth the price.",Negative,Amazon,Arjun Verma,U1725
The fabric is soft and fits perfectly.,Positive,Flipkart,Vikram Malhotra,U1726
The color is slightly different from the pictures but still acceptable.,Neutral,Myntra,Rahul Mehta,U1727
"The headphones are comfortable, and the sound quality is amazing.",Positive,Amazon,Kavita Singh,U1728
"Product matches description, nothing more nothing less.",Neutral,Amazon,Arjun Verma,U1729
"The headphones are comfortable, and the sound quality is amazing.",Positive,Amazon,Vikram Malhotra,U1730
"Received damaged item, very disappointed.",Negative,Amazon,Arjun Verma,U1731
The fabric is soft and fits perfectly.,Positive,Flipkart,Sneha Kapoor,U1732
The blender works fine but is louder than expected.,Neutral,Flipkart,Kavita Singh,U1733
"Product matches description, nothing more nothing less.",Neutral,Flipkart,Simran Kaur,U1734
"Received damaged item, very disappointed.",Negative,Amazon,Arjun Verma,U1735
The color is slightly different from the pictures but still acceptable.,Neutral,Amazon,Anjali Nair,U1736
The color is slightly different from the pictures but still acceptable.,Neutral,Myntra,Arjun Verma,U1737
"Excellent product quality, exceeded my expectations.",Positive,Amazon,Vikram Malhotra,U1738
The fitting is too tight and uncomfortable.,Negative,Flipkart,Arjun Verma,U1739
The laptop overheats quickly and lags during basic tasks.,Negative,Flipkart,Anjali Nair,U1740
"Poor build quality, not worth the price.",Negative,Myntra,Arjun Verma,U1741
The phone’s camera quality is outstanding and battery lasts all day!,Positive,Amazon,Rohit Gupta,U1742
"Received damaged item, very disappointed.",Negative,Flipkart,Anjali Nair,U1743
The color is slightly different from the pictures but still acceptable.,Neutral,Myntra,Anjali Nair,U1744
The color is slightly different from the pictures but still acceptable.,Neutral,Flipkart,Rahul Mehta,U1745
The blender works fine but is louder than expected.,Neutral,Amazon,Vikram Malhotra,U1746
"It works as expected, no complaints so far.",Neutral,Amazon,Anjali Nair,U1747
The shoes are very comfortable and stylish.,Positive,Amazon,Kavita Singh,U1748
"The headphones are comfortable, and the sound quality is amazing.",Positive,Myntra,Vikram Malhotra,U1749
The blender works fine but is louder than expected.,Neutral,Amazon,Sneha Kapoor,U1750
"Excellent product quality, exceeded my expectations.",Positive,Amazon,Vikram Malhotra,U1751
"It works as expected, no complaints so far.",Neutral,Amazon,Simran Kaur,U1752
"Product matches description, nothing more nothing less.",Neutral,Flipkart,Rahul Mehta,U1753
The color is slightly different from the pictures but still acceptable.,Neutral,Flipkart,Anjali Nair,U1754
"Excellent product quality, exceeded my expectations.",Positive,Flipkart,Anjali Nair,U1755
The fabric is soft and fits perfectly.,Positive,Myntra,Rahul Mehta,U1756
"Poor build quality, not worth the price.",Negative,Flipkart,Amit Tandon,U1757
The shoes are very comfortable and stylish.,Positive,Amazon,Rahul Mehta,U1758
The fabric is soft and fits perfectly.,Positive,Myntra,Rohit Gupta,U1759
"Received damaged item, very disappointed.",Negative,Flipkart,Arjun Verma,U1760
"The headphones are comfortable, and the sound quality is amazing.",Positive,Myntra,Vikram Malhotra,U1761
"Received damaged item, very disappointed.",Negative,Myntra,Amit Tandon,U1762
The fabric is soft and fits perfectly.,Positive,Myntra,Rahul Mehta,U1763
The color is slightly different from the pictures but still acceptable.,Neutral,Myntra,Vikram Malhotra,U1764
"It works as expected, no complaints so far.",Neutral,Amazon,Priya Sharma,U1765
The watch stopped working after a week.,Negative,Amazon,Arjun Verma,U1766
The laptop overheats quickly and lags during basic tasks.,Negative,Myntra,Rahul Mehta,U1767
"Product matches description, nothing more nothing less.",Neutral,Myntra,Sneha Kapoor,U1768
The color is slightly different from the pictures but still acceptable.,Neutral,Amazon,Kavita Singh,U1769
The fabric is soft and fits perfectly.,Positive,Amazon,Priya Sharma,U1770
The watch stopped working after a week.,Negative,Flipkart,Arjun Verma,U1771
The laptop overheats quickly and lags during basic tasks.,Negative,Flipkart,Simran Kaur,U1772
"Product matches description, nothing more nothing less.",Neutral,Myntra,Rahul Mehta,U1773
"Excellent product quality, exceeded my expectations.",Positive,Flipkart,Amit Tandon,U1774
"The packaging was okay, nothing special, and the delivery was on time.",Neutral,Myntra,Sneha Kapoor,U1775
"It works as expected, no complaints so far.",Neutral,Flipkart,Amit Tandon,U1776
"Received damaged item, very disappointed.",Negative,Amazon,Priya Sharma,U1777
"Excellent product quality, exceeded my expectations.",Positive,Amazon,Vikram Malhotra,U1778
The watch stopped working after a week.,Negative,Amazon,Arjun Verma,U1779
"It works as expected, no complaints so far.",Neutral,Amazon,Kavita Singh,U1780
The shoes are very comfortable and stylish.,Positive,Myntra,Kavita Singh,U1781
The phone’s camera quality is outstanding and battery lasts all day!,Positive,Amazon,Simran Kaur,U1782
"It works as expected, no complaints so far.",Neutral,Myntra,Amit Tandon,U1783
"Excellent product quality, exceeded my expectations.",Positive,Flipkart,Anjali Nair,U1784
"Product matches description, nothing more nothing less.",Neutral,Flipkart,Sneha Kapoor,U1785
The fabric is soft and fits perfectly.,Positive,Myntra,Arjun Verma,U1786
The fabric is soft and fits perfectly.,Positive,Amazon,Amit Tandon,U1787
The color is slightly different from the pictures but still acceptable.,Neutral,Myntra,Kavita Singh,U1788
The fitting is too tight and uncomfortable.,Negative,Flipkart,Rohit Gupta,U1789
The fabric is soft and fits perfectly.,Positive,Amazon,Simran Kaur,U1790
"The headphones are comfortable, and the sound quality is amazing.",Positive,Flipkart,Priya Sharma,U1791
The fabric is soft and fits perfectly.,Positive,Myntra,Kavita Singh,U1792
The blender works fine but is louder than expected.,Neutral,Amazon,Arjun Verma,U1793
"Product matches description, nothing more nothing less.",Neutral,Flipkart,Kavita Singh,U1794
"Poor build quality, not worth the price.",Negative,Amazon,Amit Tandon,U1795
"Received damaged item, very disappointed.",Negative,Amazon,Sneha Kapoor,U1796
"The headphones are comfortable, and the sound quality is amazing.",Positive,Myntra,Arjun Verma,U1797
The laptop overheats quickly and lags during basic tasks.,Negative,Amazon,Amit Tandon,U1798
The color is slightly different from the pictures but still acceptable.,Neutral,Amazon,Sneha Kapoor,U1799
The laptop overheats quickly and lags during basic tasks.,Negative,Flipkart,Kavita Singh,U1800
The fitting is too tight and uncomfortable.,Negative,Amazon,Vikram Malhotra,U1801
"It works as expected, no complaints so far.",Neutral,Amazon,Rahul Mehta,U1802
The laptop overheats quickly and lags during basic tasks.,Negative,Flipkart,Vikram Malhotra,U1803
"The packaging was okay, nothing special, and the delivery was on time.",Neutral,Flipkart,Priya Sharma,U1804
"Poor build quality, not worth the price.",Negative,Amazon,Sneha Kapoor,U1805
"The packaging was okay, nothing special, and the delivery was on time.",Neutral,Amazon,Arjun Verma,U1806
The fitting is too tight and uncomfortable.,Negative,Flipkart,Kavita Singh,U1807
"The packaging was okay, nothing special, and the delivery was on time.",Neutral,Amazon,Amit Tandon,U1808
The phone’s camera quality is outstanding and battery lasts all day!,Positive,Myntra,Simran Kaur,U1809
"Poor build quality, not worth the price.",Negative,Myntra,Rahul Mehta,U1810
The watch stopped working after a week.,Negative,Amazon,Vikram Malhotra,U1811
The shoes are very comfortable and stylish.,Positive,Flipkart,Anjali Nair,U1812
The phone’s camera quality is outstanding and battery lasts all day!,Positive,Amazon,Amit Tandon,U1813
"The headphones are comfortable, and the sound quality is amazing.",Positive,Myntra,Rohit Gupta,U1814
The laptop overheats quickly and lags during basic tasks.,Negative,Flipkart,Anjali Nair,U1815
The laptop overheats quickly and lags during basic tasks.,Negative,Flipkart,Rohit Gupta,U1816
The fitting is too tight and uncomfortable.,Negative,Flipkart,Priya Sharma,U1817
"Excellent product quality, exceeded my expectations.",Positive,Flipkart,Simran Kaur,U1818
The shoes are very comfortable and stylish.,Positive,Amazon,Anjali Nair,U1819
"The packaging was okay, nothing special, and the delivery was on time.",Neutral,Myntra,Rohit Gupta,U1820
"The headphones are comfortable, and the sound quality is amazing.",Positive,Flipkart,Rahul Mehta,U1821
The laptop overheats quickly and lags during basic tasks.,Negative,Flipkart,Anjali Nair,U1822
"Poor build quality, not worth the price.",Negative,Flipkart,Vikram Malhotra,U1823
"Received damaged item, very disappointed.",Negative,Flipkart,Amit Tandon,U1824
"It works as expected, no complaints so far.",Neutral,Amazon,Simran Kaur,U1825
The fitting is too tight and uncomfortable.,Negative,Amazon,Sneha Kapoor,U1826
The shoes are very comfortable and stylish.,Positive,Flipkart,Rahul Mehta,U1827
"It works as expected, no complaints so far.",Neutral,Amazon,Arjun Verma,U1828
"Poor build quality, not worth the price.",Negative,Amazon,Anjali Nair,U1829
The fabric is soft and fits perfectly.,Positive,Amazon,Priya Sharma,U1830
"It works as expected, no complaints so far.",Neutral,Flipkart,Rohit Gupta,U1831
"The packaging was okay, nothing special, and the delivery was on time.",Neutral,Myntra,Kavita Singh,U1832
The blender works fine but is louder than expected.,Neutral,Amazon,Sneha Kapoor,U1833
"Received damaged item, very disappointed.",Negative,Amazon,Sneha Kapoor,U1834
The shoes are very comfortable and stylish.,Positive,Flipkart,Priya Sharma,U1835
"Product matches description, nothing more nothing less.",Neutral,Flipkart,Arjun Verma,U1836
The fabric is soft and fits perfectly.,Positive,Myntra,Anjali Nair,U1837
The watch stopped working after a week.,Negative,Amazon,Anjali Nair,U1838
"The packaging was okay, nothing special, and the delivery was on time.",Neutral,Myntra,Vikram Malhotra,U1839
The blender works fine but is louder than expected.,Neutral,Myntra,Arjun Verma,U1840
"Excellent product quality, exceeded my expectations.",Positive,Myntra,Vikram Malhotra,U1841
The blender works fine but is louder than expected.,Neutral,Flipkart,Vikram Malhotra,U1842
"Excellent product quality, exceeded my expectations.",Positive,Myntra,Anjali Nair,U1843
The color is slightly different from the pictures but still acceptable.,Neutral,Amazon,Anjali Nair,U1844
The laptop overheats quickly and lags during basic tasks.,Negative,Flipkart,Anjali Nair,U1845
"It works as expected, no complaints so far.",Neutral,Flipkart,Simran Kaur,U1846
"Product matches description, nothing more nothing less.",Neutral,Myntra,Vikram Malhotra,U1847
"Poor build quality, not worth the price.",Negative,Myntra,Vikram Malhotra,U1848
The fabric is soft and fits perfectly.,Positive,Amazon,Priya Sharma,U1849
"Excellent product quality, exceeded my expectations.",Positive,Amazon,Rohit Gupta,U1850
"The packaging was okay, nothing special, and the delivery was on time.",Neutral,Myntra,Rahul Mehta,U1851
The blender works fine but is louder than expected.,Neutral,Myntra,Kavita Singh,U1852
The color is slightly different from the pictures but still acceptable.,Neutral,Flipkart,Rohit Gupta,U1853
The fitting is too tight and uncomfortable.,Negative,Amazon,Amit Tandon,U1854
The laptop overheats quickly and lags during basic tasks.,Negative,Myntra,Priya Sharma,U1855
"Received damaged item, very disappointed.",Negative,Amazon,Anjali Nair,U1856
"Product matches description, nothing more nothing less.",Neutral,Amazon,Rahul Mehta,U1857
"Poor build quality, not worth the price.",Negative,Amazon,Anjali Nair,U1858
The blender works fine but is louder than expected.,Neutral,Myntra,Sneha Kapoor,U1859
The shoes are very comfortable and stylish.,Positive,Myntra,Rohit Gupta,U1860
"The headphones are comfortable, and the sound quality is amazing.",Positive,Myntra,Sneha Kapoor,U1861
"It works as expected, no complaints so far.",Neutral,Myntra,Arjun Verma,U1862
"Product matches description, nothing more nothing less.",Neutral,Myntra,Rohit Gupta,U1863
The blender works fine but is louder than expected.,Neutral,Amazon,Anjali Nair,U1864
The phone’s camera quality is outstanding and battery lasts all day!,Positive,Amazon,Priya Sharma,U1865
The shoes are very comfortable and stylish.,Positive,Myntra,Vikram Malhotra,U1866
The phone’s camera quality is outstanding and battery lasts all day!,Positive,Flipkart,Sneha Kapoor,U1867
"It works as expected, no complaints so far.",Neutral,Flipkart,Simran Kaur,U1868
The fabric is soft and fits perfectly.,Positive,Flipkart,Priya Sharma,U1869
The blender works fine but is louder than expected.,Neutral,Amazon,Anjali Nair,U1870
"It works as expected, no complaints so far.",Neutral,Myntra,Anjali Nair,U1871
"Product matches description, nothing more nothing less.",Neutral,Flipkart,Simran Kaur,U1872
"The headphones are comfortable, and the sound quality is amazing.",Positive,Flipkart,Rahul Mehta,U1873
"The headphones are comfortable, and the sound quality is amazing.",Positive,Flipkart,Simran Kaur,U1874
The laptop overheats quickly and lags during basic tasks.,Negative,Amazon,Rahul Mehta,U1875
"The packaging was okay, nothing special, and the delivery was on time.",Neutral,Amazon,Kavita Singh,U1876
The fabric is soft and fits perfectly.,Positive,Flipkart,Arjun Verma,U1877
"Received damaged item, very disappointed.",Negative,Myntra,Simran Kaur,U1878
The shoes are very comfortable and stylish.,Positive,Amazon,Rahul Mehta,U1879
The laptop overheats quickly and lags during basic tasks.,Negative,Amazon,Anjali Nair,U1880
"The headphones are comfortable, and the sound quality is amazing.",Positive,Amazon,Rahul Mehta,U1881
The phone’s camera quality is outstanding and battery lasts all day!,Positive,Flipkart,Rohit Gupta,U1882
"Received damaged item, very disappointed.",Negative,Myntra,Rahul Mehta,U1883
"The headphones are comfortable, and the sound quality is amazing.",Positive,Flipkart,Rohit Gupta,U1884
The phone’s camera quality is outstanding and battery lasts all day!,Positive,Myntra,Vikram Malhotra,U1885
The shoes are very comfortable and stylish.,Positive,Flipkart,Arjun Verma,U1886
"The packaging was okay, nothing special, and the delivery was on time.",Neutral,Myntra,Priya Sharma,U1887
The fabric is soft and fits perfectly.,Positive,Flipkart,Rohit Gupta,U1888
The color is slightly different from the pictures but still acceptable.,Neutral,Myntra,Amit Tandon,U1889
The color is slightly different from the pictures but still acceptable.,Neutral,Flipkart,Priya Sharma,U1890
"It works as expected, no complaints so far.",Neutral,Amazon,Anjali Nair,U1891
"Received damaged item, very disappointed.",Negative,Amazon,Kavita Singh,U1892
"The headphones are comfortable, and the sound quality is amazing.",Positive,Amazon,Simran Kaur,U1893
"Received damaged item, very disappointed.",Negative,Myntra,Arjun Verma,U1894
The shoes are very comfortable and stylish.,Positive,Flipkart,Rahul Mehta,U1895
The fitting is too tight and uncomfortable.,Negative,Myntra,Anjali Nair,U1896
The phone’s camera quality is outstanding and battery lasts all day!,Positive,Amazon,Vikram Malhotra,U1897
"The packaging was okay, nothing special, and the delivery was on time.",Neutral,Myntra,Priya Sharma,U1898
"Poor build quality, not worth the price.",Negative,Myntra,Rahul Mehta,U1899
"The headphones are comfortable, and the sound quality is amazing.",Positive,Amazon,Vikram Malhotra,U1900
"It works as expected, no complaints so far.",Neutral,Amazon,Simran Kaur,U1901
"Received damaged item, very disappointed.",Negative,Myntra,Priya Sharma,U1902
"The headphones are comfortable, and the sound quality is amazing.",Positive,Myntra,Rohit Gupta,U1903
The watch stopped working after a week.,Negative,Flipkart,Anjali Nair,U1904
The laptop overheats quickly and lags during basic tasks.,Negative,Myntra,Rohit Gupta,U1905
The phone’s camera quality is outstanding and battery lasts all day!,Positive,Amazon,Priya Sharma,U1906
"The packaging was okay, nothing special, and the delivery was on time.",Neutral,Amazon,Amit Tandon,U1907
The color is slightly different from the pictures but still acceptable.,Neutral,Amazon,Simran Kaur,U1908
The fabric is soft and fits perfectly.,Positive,Flipkart,Kavita Singh,U1909
The phone’s camera quality is outstanding and battery lasts all day!,Positive,Flipkart,Anjali Nair,U1910
"Poor build quality, not worth the price.",Negative,Amazon,Amit Tandon,U1911
The shoes are very comfortable and stylish.,Positive,Myntra,Anjali Nair,U1912
The laptop overheats quickly and lags during basic tasks.,Negative,Myntra,Vikram Malhotra,U1913
"Product matches description, nothing more nothing less.",Neutral,Myntra,Amit Tandon,U1914
"The headphones are comfortable, and the sound quality is amazing.",Positive,Amazon,Arjun Verma,U1915
"It works as expected, no complaints so far.",Neutral,Myntra,Arjun Verma,U1916
"Received damaged item, very disappointed.",Negative,Flipkart,Vikram Malhotra,U1917
The fitting is too tight and uncomfortable.,Negative,Amazon,Priya Sharma,U1918
The phone’s camera quality is outstanding and battery lasts all day!,Positive,Amazon,Priya Sharma,U1919
"Received damaged item, very disappointed.",Negative,Flipkart,Simran Kaur,U1920
"The packaging was okay, nothing special, and the delivery was on time.",Neutral,Flipkart,Anjali Nair,U1921
"Product matches description, nothing more nothing less.",Neutral,Myntra,Kavita Singh,U1922
The shoes are very comfortable and stylish.,Positive,Myntra,Vikram Malhotra,U1923
The phone’s camera quality is outstanding and battery lasts all day!,Positive,Myntra,Vikram Malhotra,U1924
The blender works fine but is louder than expected.,Neutral,Myntra,Kavita Singh,U1925
"Poor build quality, not worth the price.",Negative,Myntra,Kavita Singh,U1926
"It works as expected, no complaints so far.",Neutral,Flipkart,Arjun Verma,U1927
"Poor build quality, not worth the price.",Negative,Amazon,Priya Sharma,U1928
The fabric is soft and fits perfectly.,Positive,Flipkart,Simran Kaur,U1929
"Excellent product quality, exceeded my expectations.",Positive,Myntra,Amit Tandon,U1930
"Poor build quality, not worth the price.",Negative,Amazon,Vikram Malhotra,U1931
"The packaging was okay, nothing special, and the delivery was on time.",Neutral,Flipkart,Sneha Kapoor,U1932
"Received damaged item, very disappointed.",Negative,Amazon,Arjun Verma,U1933
"It works as expected, no complaints so far.",Neutral,Myntra,Vikram Malhotra,U1934
"Excellent product quality, exceeded my expectations.",Positive,Flipkart,Amit Tandon,U1935
"It works as expected, no complaints so far.",Neutral,Amazon,Rohit Gupta,U1936
"It works as expected, no complaints so far.",Neutral,Myntra,Simran Kaur,U1937
"Excellent product quality, exceeded my expectations.",Positive,Amazon,Arjun Verma,U1938
The color is slightly different from the pictures but still acceptable.,Neutral,Flipkart,Simran Kaur,U1939
"Excellent product quality, exceeded my expectations.",Positive,Myntra,Sneha Kapoor,U1940
"The headphones are comfortable, and the sound quality is amazing.",Positive,Amazon,Kavita Singh,U1941
"Excellent product quality, exceeded my expectations.",Positive,Myntra,Sneha Kapoor,U1942
The color is slightly different from the pictures but still acceptable.,Neutral,Amazon,Priya Sharma,U1943
"The packaging was okay, nothing special, and the delivery was on time.",Neutral,Myntra,Rahul Mehta,U1944
The fabric is soft and fits perfectly.,Positive,Flipkart,Sneha Kapoor,U1945
The phone’s camera quality is outstanding and battery lasts all day!,Positive,Myntra,Arjun Verma,U1946
"Excellent product quality, exceeded my expectations.",Positive,Myntra,Sneha Kapoor,U1947
"The headphones are comfortable, and the sound quality is amazing.",Positive,Amazon,Simran Kaur,U1948
The phone’s camera quality is outstanding and battery lasts all day!,Positive,Flipkart,Simran Kaur,U1949
"The headphones are comfortable, and the sound quality is amazing.",Positive,Myntra,Simran Kaur,U1950
"Received damaged item, very disappointed.",Negative,Flipkart,Kavita Singh,U1951
The watch stopped working after a week.,Negative,Amazon,Priya Sharma,U1952
"Received damaged item, very disappointed.",Negative,Myntra,Arjun Verma,U1953
"Poor build quality, not worth the price.",Negative,Amazon,Simran Kaur,U1954
The blender works fine but is louder than expected.,Neutral,Myntra,Rahul Mehta,U1955
The laptop overheats quickly and lags during basic tasks.,Negative,Amazon,Anjali Nair,U1956
The blender works fine but is louder than expected.,Neutral,Flipkart,Sneha Kapoor,U1957
The fabric is soft and fits perfectly.,Positive,Flipkart,Vikram Malhotra,U1958
The watch stopped working after a week.,Negative,Amazon,Vikram Malhotra,U1959
The color is slightly different from the pictures but still acceptable.,Neutral,Amazon,Rohit Gupta,U1960
The fitting is too tight and uncomfortable.,Negative,Flipkart,Anjali Nair,U1961
The blender works fine but is louder than expected.,Neutral,Flipkart,Vikram Malhotra,U1962
"Product matches description, nothing more nothing less.",Neutral,Myntra,Amit Tandon,U1963
"Product matches description, nothing more nothing less.",Neutral,Amazon,Sneha Kapoor,U1964
The shoes are very comfortable and stylish.,Positive,Myntra,Priya Sharma,U1965
The color is slightly different from the pictures but still acceptable.,Neutral,Amazon,Rohit Gupta,U1966
The fabric is soft and fits perfectly.,Positive,Amazon,Simran Kaur,U1967
The fitting is too tight and uncomfortable.,Negative,Flipkart,Sneha Kapoor,U1968
The color is slightly different from the pictures but still acceptable.,Neutral,Flipkart,Priya Sharma,U1969
The fitting is too tight and uncomfortable.,Negative,Flipkart,Rohit Gupta,U1970
"Poor build quality, not worth the price.",Negative,Flipkart,Priya Sharma,U1971
"Excellent product quality, exceeded my expectations.",Positive,Flipkart,Arjun Verma,U1972
The watch stopped working after a week.,Negative,Myntra,Kavita Singh,U1973
The phone’s camera quality is outstanding and battery lasts all day!,Positive,Flipkart,Anjali Nair,U1974
"Excellent product quality, exceeded my expectations.",Positive,Amazon,Anjali Nair,U1975
The laptop overheats quickly and lags during basic tasks.,Negative,Flipkart,Arjun Verma,U1976
"Product matches description, nothing more nothing less.",Neutral,Amazon,Amit Tandon,U1977
The watch stopped working after a week.,Negative,Myntra,Arjun Verma,U1978
The watch stopped working after a week.,Negative,Amazon,Kavita Singh,U1979
"It works as expected, no complaints so far.",Neutral,Myntra,Vikram Malhotra,U1980
"The headphones are comfortable, and the sound quality is amazing.",Positive,Myntra,Arjun Verma,U1981
"The packaging was okay, nothing special, and the delivery was on time.",Neutral,Myntra,Priya Sharma,U1982
"Excellent product quality, exceeded my expectations.",Positive,Amazon,Kavita Singh,U1983
"Poor build quality, not worth the price.",Negative,Flipkart,Amit Tandon,U1984
"Product matches description, nothing more nothing less.",Neutral,Amazon,Arjun Verma,U1985
"Received damaged item, very disappointed.",Negative,Flipkart,Priya Sharma,U1986
"Excellent product quality, exceeded my expectations.",Positive,Amazon,Arjun Verma,U1987
"The headphones are comfortable, and the sound quality is amazing.",Positive,Flipkart,Amit Tandon,U1988
The fitting is too tight and uncomfortable.,Negative,Flipkart,Amit Tandon,U1989
"The headphones are comfortable, and the sound quality is amazing.",Positive,Amazon,Rahul Mehta,U1990
The fabric is soft and fits perfectly.,Positive,Amazon,Sneha Kapoor,U1991
"The packaging was okay, nothing special, and the delivery was on time.",Neutral,Flipkart,Vikram Malhotra,U1992
"Product matches description, nothing more nothing less.",Neutral,Amazon,Simran Kaur,U1993
"The packaging was okay, nothing special, and the delivery was on time.",Neutral,Myntra,Rohit Gupta,U1994
The blender works fine but is louder than expected.,Neutral,Flipkart,Sneha Kapoor,U1995
"The headphones are comfortable, and the sound quality is amazing.",Positive,Flipkart,Sneha Kapoor,U1996
The shoes are very comfortable and stylish.,Positive,Flipkart,Arjun Verma,U1997
"Product matches description, nothing more nothing less.",Neutral,Myntra,Priya Sharma,U1998
"Poor build quality, not worth the price.",Negative,Flipkart,Vikram Malhotra,U1999
"Poor build quality, not worth the price.",Negative,Amazon,Arjun Verma,U2000
